Date,Open,High,Low,Close,Volume,Foreign,Trust,Dealer,ForeignRatio,K,D,KC_high,KC_middle,KC_low,ICH_plot_1,ICH_plot_2,ICH_plot_3,SMA_5,SMA_10,SMA_20,SMA_60,SMA_120,SMA_240,Score
2020/07/28,28.5,29.0,27.95,28.2,1282.0,240.0,0.0,0.0,14.5,,,29.433333333333334,,27.333333333333332,,11.012892525638144,,,,,,,,0.0
2020/07/29,28.2,28.9,28.15,28.7,940.0,320.0,0.0,0.0,14.8,,,29.383333333333333,,27.583333333333332,,11.012892525638144,,,,,,,,
2020/07/30,28.75,29.4,28.6,29.3,1180.0,253.0,0.0,0.0,15.0,,,29.555555555555554,,27.822222222222223,,11.012892525638144,,,,,,,,
2020/07/31,29.4,29.7,29.0,29.1,885.0,2.0,0.0,59.0,13.8,,,29.65833333333333,,28.008333333333333,,11.012892525638144,,,,,,,,
2020/08/03,29.5,29.8,28.4,28.5,1939.0,-412.0,0.0,-59.0,13.3,,,29.78666666666667,,27.906666666666666,,11.012892525638144,,28.76,,,,,,
2020/08/04,28.6,29.1,28.5,28.85,922.0,261.0,0.0,2.0,13.5,,,29.724999999999998,,27.958333333333332,,11.012892525638144,,28.889999999999997,,,,,,
2020/08/05,28.95,29.65,28.95,29.6,1025.0,201.0,0.0,0.0,13.6,,,29.77857142857143,,28.064285714285713,,11.012892525638144,,29.070000000000004,,,,,,
2020/08/06,29.7,30.9,29.7,30.2,1458.0,114.0,0.0,-10.0,13.7,,,29.989583333333332,,28.18958333333333,,11.012892525638144,,29.25,,,,,,
2020/08/07,30.3,30.8,30.1,30.7,1023.0,346.0,0.0,0.0,14.1,,,30.127777777777776,,28.37222222222222,,11.012892525638144,,29.57,,,,,,
2020/08/10,31.0,32.6,30.9,31.9,3450.0,279.0,0.0,0.0,14.3,,,30.464999999999996,,28.544999999999998,,11.012892525638144,,30.25,29.505000000000003,,,,,
2020/08/11,32.2,32.65,30.2,30.9,2800.0,-252.0,0.0,-1.0,14.1,,,30.759090909090904,,28.568181818181817,,11.012892525638144,,30.659999999999997,29.775,,,,,
2020/08/12,30.85,30.85,29.7,30.85,840.0,266.0,0.0,0.0,14.3,,,30.830555555555552,,28.630555555555556,,11.012892525638144,,30.910000000000004,29.990000000000002,,,,,
2020/08/13,31.0,31.35,30.65,31.0,485.0,-56.0,0.0,0.0,14.2,,,30.897435897435894,,28.75897435897436,,11.012892525638144,,31.07,30.160000000000004,,,,,
2020/08/14,30.9,32.1,30.9,31.55,1126.0,73.0,0.0,0.0,14.3,56.13869715413709,,31.027380952380952,,28.870238095238097,,11.012892525638144,,31.24,30.405,,,,,
2020/08/17,31.85,32.2,31.6,32.0,1859.0,567.0,0.0,156.0,14.8,64.85413013765765,,31.12777777777778,,29.034444444444443,,11.012892525638144,,31.26,30.755000000000003,,,,,
2020/08/18,32.5,32.65,31.75,32.0,1466.0,269.0,0.0,0.0,15.0,64.21004786738297,62.375485110643154,31.246875,,29.171875,,11.012892525638144,,31.48,31.070000000000004,,,,,
2020/08/19,32.05,32.3,31.2,31.2,830.0,118.0,0.0,87.0,15.1,41.831256103044865,49.978944543750366,31.330392156862747,,29.248039215686273,,11.012892525638144,,31.55,31.23,,,,,
2020/08/20,31.25,31.65,29.15,30.3,1655.0,213.0,0.0,-63.0,15.3,23.71900614574642,34.53820193152546,31.41574074074074,,29.17129629629629,,11.012892525638144,,31.410000000000004,31.240000000000002,,,,,
2020/08/21,30.15,31.1,30.15,31.0,628.0,66.0,0.0,33.0,15.4,35.38404597182235,33.446942906070824,31.43070175438596,,29.20438596491228,,11.012892525638144,,31.3,31.270000000000003,,,,,
2020/08/24,31.15,31.7,30.8,31.25,499.0,61.0,0.0,26.0,15.5,37.653426448324645,33.74092608038916,31.46666666666667,30.364166666666666,29.261666666666667,,11.012892525638144,,31.15,31.205000000000002,30.355,,,,
2020/08/25,31.3,32.3,31.3,31.7,961.0,101.0,0.0,15.0,15.6,46.41190772477894,41.461968019153844,31.633333333333336,30.53333333333333,29.43333333333333,,11.012892525638144,,31.089999999999996,31.285000000000004,30.529999999999994,,,,
2020/08/26,31.85,32.0,31.6,31.8,304.0,67.0,0.0,13.0,15.6,48.74432746682325,45.22293716027898,31.776666666666664,30.694166666666668,29.611666666666668,,11.012892525638144,,31.21,31.380000000000003,30.685000000000002,,,,
2020/08/27,31.95,32.15,31.1,31.45,667.0,-47.0,0.0,50.0,15.6,39.528761913799315,42.966045558477525,31.9125,30.817499999999995,29.722499999999997,,11.012892525638144,,31.439999999999998,31.425,30.792499999999997,,,,
2020/08/28,31.25,33.25,31.25,32.5,3902.0,285.0,0.0,58.0,15.8,54.846579160394796,49.927148961360125,32.130833333333335,30.97083333333333,29.810833333333335,,11.012892525638144,,31.74,31.52,30.9625,,,,
2020/08/31,33.3,35.75,33.3,35.75,9657.0,-84.0,0.0,-85.0,15.7,79.23713143312871,65.34992686488351,32.485,31.2725,30.060000000000002,,11.012892525638144,,32.64,31.895,31.325,,,,
2020/09/01,35.95,37.0,33.95,34.4,11768.0,-1454.0,0.0,82.0,14.7,45.49509025578083,56.36776513572414,32.9225,31.5875,30.252499999999998,3.249999999999993,11.012892525638144,-23.89743852459017,33.18,32.135,31.602500000000003,,,,66.25776058004868
2020/09/02,34.5,36.8,34.5,36.25,6232.0,91.0,400.0,-181.0,14.9,66.52212138940764,63.08670666976687,33.325,31.909999999999997,30.494999999999997,6.349999999999994,,,34.07,32.64,31.935000000000002,,,,
2020/09/03,39.0,39.3,37.75,38.05,7365.0,-445.0,873.0,3.0,14.6,68.04590996037288,63.37819331419687,33.7475,32.315,30.8825,7.200000000000003,,,35.39,33.415,32.3275,,,,
2020/09/04,37.1,40.4,37.1,40.1,6319.0,238.0,50.0,41.0,14.9,78.98285535680459,74.51002441324735,34.310833333333335,32.748333333333335,31.185833333333335,10.050000000000004,,,36.910000000000004,34.325,32.7975,,,,
2020/09/07,40.2,40.35,38.7,38.75,5706.0,-1009.0,16.0,21.0,14.3,62.25890027145682,65.74914291034058,34.681666666666665,33.12166666666667,31.561666666666667,7.350000000000001,,,37.510000000000005,35.075,33.14,,,,
2020/09/08,38.5,39.25,36.5,38.0,4953.0,806.0,523.0,-16.0,15.2,54.12760898081867,59.93791728949412,35.029999999999994,33.455,31.880000000000003,5.799999999999997,,,38.23,35.705,33.495,,,,
2020/09/09,38.4,39.8,38.0,38.2,4815.0,-947.0,422.0,7.0,14.4,54.43216955353304,56.03245279920625,35.4725,33.865,32.25750000000001,5.900000000000006,,,38.62,36.345,33.8625,,,,
2020/09/10,38.8,39.2,37.0,37.85,3429.0,538.0,15.0,-12.0,15.0,49.4005383449389,51.71643603830043,35.89833333333333,34.215833333333336,32.53333333333333,4.07500000000001,,,38.58,36.985,34.205,,,,
2020/09/11,37.8,38.15,36.0,36.3,3550.0,476.0,0.0,-30.0,15.4,32.98421995434907,40.878421990767386,36.21083333333333,34.48083333333334,32.75083333333334,0.6499999999999986,,,37.82000000000001,37.364999999999995,34.4425,,,,
2020/09/14,36.4,36.8,34.65,35.8,3405.0,546.0,-133.0,-18.0,15.8,28.590450942480256,33.92264608168621,36.47916666666667,34.67166666666667,32.86416666666666,-0.6250000000000071,,,37.230000000000004,37.37,34.6325,,,,
2020/09/15,36.0,36.3,35.2,35.55,1232.0,-316.0,0.0,2.0,15.3,26.485026838341994,28.468923979790837,36.666666666666664,34.84916666666667,33.031666666666666,-1.2000000000000028,,,36.739999999999995,37.485,34.809999999999995,,,,
2020/09/16,35.65,35.8,34.5,34.7,2294.0,109.0,-887.0,-3.0,15.4,19.34045572257729,23.269127069683314,36.84833333333333,35.020833333333336,33.193333333333335,-2.8249999999999957,,,36.04,37.33,34.985,,,,
2020/09/17,34.85,35.3,34.05,34.3,2147.0,-262.0,-110.0,-2.0,15.3,6.96582603734769,16.42625603636931,36.995,35.230000000000004,33.464999999999996,-3.375000000000007,,,35.33,36.955,35.184999999999995,,,,
2020/09/18,34.2,34.65,34.0,34.2,1016.0,-95.0,0.0,0.0,15.0,1.89864658313482,9.08924628104511,37.156666666666666,35.406666666666666,33.656666666666666,-3.2749999999999915,,,34.91,36.365,35.345,,,,
2020/09/21,34.3,35.7,33.65,35.65,2768.0,-724.0,0.0,0.0,14.5,16.47557711257017,8.820837626228512,37.401666666666664,35.594166666666666,33.78666666666667,-0.19999999999999574,,,34.88,36.05499999999999,35.565,,,,
2020/09/22,35.3,35.55,34.3,35.4,2571.0,-811.0,0.0,-8.0,13.9,14.076953618738434,10.756476187075883,37.58,35.760000000000005,33.94,-0.3999999999999986,,,34.85,35.795,35.75,,,,
2020/09/23,35.4,35.4,33.65,33.8,2674.0,-537.0,-10.0,6.0,13.6,1.0382364536655178,8.998049265101239,37.77166666666667,35.884166666666665,33.99666666666667,-3.075000000000003,,,34.67,35.355,35.85,,,,
2020/09/24,33.4,34.4,32.6,34.0,1728.0,747.0,0.0,-2.0,14.4,8.617306866615149,7.348267848339376,37.91416666666667,35.98916666666667,34.06416666666667,-1.4750000000000014,,,34.61,34.97,35.977500000000006,,,,
2020/09/25,34.4,35.25,32.8,33.35,2891.0,439.0,0.0,-47.0,14.8,4.667844482449402,4.586199030569995,38.01,36.0625,34.114999999999995,-3.0249999999999986,,,34.44,34.675,36.02,,,,
2020/09/28,33.7,34.35,33.0,34.2,902.0,277.0,0.0,0.0,14.7,10.922675492356491,8.30725259052408,37.90083333333333,36.00833333333333,34.11583333333333,-1.3999999999999986,,,34.15,34.515,35.9425,,,,
2020/09/29,34.4,34.5,33.5,33.85,818.0,-199.0,0.0,0.0,14.3,8.995361701093207,8.165789455325733,37.739999999999995,35.95,34.160000000000004,-2.200000000000003,,,33.839999999999996,34.345,35.915,,,,
2020/09/30,33.45,34.95,33.3,34.95,1039.0,707.0,0.0,-4.0,14.8,22.386994904400545,14.716574395838201,37.635,35.877500000000005,34.12,0.0,,,34.07000000000001,34.37,35.85,,,,
2020/10/05,35.0,36.0,34.6,35.65,1227.0,279.0,0.0,0.0,15.0,40.63874191284552,24.977649699738762,37.48,35.730000000000004,33.980000000000004,1.25,,,34.4,34.504999999999995,35.730000000000004,,,,
2020/10/06,36.0,36.1,35.35,35.4,879.0,-82.0,0.0,79.0,14.9,41.307563161170386,34.68641039256442,37.17333333333333,35.55083333333333,33.92833333333333,0.6249999999999929,,,34.809999999999995,34.625,35.495,,,,
2020/10/07,35.2,36.35,35.1,35.95,954.0,471.0,0.0,-35.0,15.3,50.99680038835601,45.217427501992375,36.980000000000004,35.3775,33.775,0.9250000000000043,,,35.160000000000004,34.655,35.355000000000004,,,,
2020/10/08,36.3,36.3,35.45,35.6,905.0,211.0,0.0,-46.0,15.5,44.00792368764513,44.92640738022513,36.778333333333336,35.270833333333336,33.763333333333335,0.22500000000000142,,,35.510000000000005,34.675,35.235,,,,
2020/10/12,36.0,36.0,34.9,34.95,463.0,38.0,0.0,0.0,15.5,32.135506560958916,39.65658256458758,36.57416666666667,35.10166666666667,33.62916666666666,-1.1749999999999972,0.30000000000000426,2.174999999999997,35.510000000000005,34.790000000000006,35.072500000000005,,,,
2020/10/13,35.4,37.0,35.4,36.65,3618.0,1073.0,0.0,0.0,16.3,54.391767209994676,46.23225601371896,36.460833333333326,35.01833333333333,33.575833333333335,1.7999999999999972,0.6000000000000014,3.5749999999999957,35.71,35.055,35.0125,,,,-1.351339781756181
2020/10/14,37.2,38.3,36.6,37.85,3482.0,823.0,0.0,0.0,16.9,58.520871705468586,52.27340975667496,36.47666666666667,35.056666666666665,33.63666666666666,3.4000000000000057,0.8249999999999957,3.4000000000000057,36.2,35.505,35.089999999999996,,,,-12.78189125188251
2020/10/15,37.85,37.85,36.65,36.95,2354.0,438.0,0.0,-3.0,17.4,44.57681971500243,50.71370163501449,36.49916666666666,35.12666666666667,33.75416666666667,1.625000000000007,0.9000000000000057,1.875,36.4,35.78,35.1475,,,,-7.016805799447356
2020/10/16,37.3,37.7,35.9,36.1,1568.0,316.0,0.0,0.0,17.6,33.146545937122376,41.35426207393363,36.57833333333333,35.170833333333334,33.763333333333335,-0.45000000000000284,0.9000000000000057,1.0249999999999986,36.5,36.005,35.175,,,,-12.231605036793756
2020/10/19,36.2,38.2,36.2,38.2,3119.0,1190.0,0.0,21.0,18.6,60.58560157150694,48.52293875049594,36.74,35.2975,33.855,3.6000000000000085,0.9250000000000043,3.1000000000000014,37.150000000000006,36.33,35.35,,,,-2.6476796140456873
2020/10/20,37.85,38.25,37.15,38.25,1972.0,194.0,0.0,-14.0,18.8,61.28799931670326,53.34204845113922,36.899166666666666,35.464166666666664,34.02916666666667,4.0,1.0750000000000028,3.0,37.470000000000006,36.589999999999996,35.5475,,,,-12.532786535093342
2020/10/21,38.55,38.75,37.6,38.0,1081.0,65.0,0.0,-2.0,18.9,52.15350138582144,57.14505011066145,37.115833333333335,35.655833333333334,34.19583333333333,3.5,1.6375000000000028,2.1875,37.5,36.85,35.7375,,,,-8.683128462603879
2020/10/22,37.9,38.1,37.4,37.6,555.0,111.0,0.0,0.0,19.0,45.9295049157128,51.26510668246792,37.18333333333333,35.79083333333334,34.398333333333326,2.700000000000003,1.7999999999999972,1.625000000000007,37.63,37.015,35.835,33.91833333333333,,,-7.308171118153049
2020/10/23,38.05,38.75,37.6,37.8,1479.0,402.0,0.0,-1.0,19.3,45.523494653767365,47.67263516972317,37.32666666666667,35.939166666666665,34.55166666666667,2.8499999999999943,1.9375,1.6875,37.970000000000006,37.235,35.955,34.07833333333333,,,-7.67714107247836
2020/10/26,38.1,39.6,38.0,38.1,3462.0,730.0,0.0,0.0,20.0,41.05854037039931,45.04615122694841,37.53333333333334,36.153333333333336,34.773333333333326,2.3500000000000014,1.9750000000000014,1.9500000000000028,37.95,37.55,36.17,34.235,,,-7.943808943173448
2020/10/27,37.9,38.75,37.5,38.4,960.0,222.0,0.0,-2.0,20.2,45.86030785750483,45.09202272300161,37.733333333333334,36.380833333333335,35.02833333333333,2.9499999999999957,1.9375,2.2875000000000014,37.98,37.725,36.39,34.38666666666666,,,-9.702025519476999
2020/10/28,38.6,39.2,37.8,38.15,1473.0,-4.0,0.0,-1.0,20.0,41.387709116092225,42.23668776462747,37.910000000000004,36.61,35.31,2.4499999999999957,1.8125,2.1625000000000014,38.01,37.755,36.63,34.5375,,,-9.054522827563815
2020/10/29,37.75,38.9,37.4,38.9,1443.0,614.0,0.0,0.0,20.6,53.78296427664428,48.18057216449383,38.144999999999996,36.8375,35.53,3.79999999999999,1.6625000000000014,3.0625,38.269999999999996,37.95,36.865,34.71083333333333,,,-12.93392853602605
2020/10/30,39.0,39.5,38.15,38.4,1208.0,-306.0,0.0,0.0,20.3,42.59367286537843,44.85929376247304,38.399166666666666,37.07416666666667,35.74916666666667,2.3249999999999957,1.5750000000000028,2.6499999999999986,38.39,38.18,37.0925,34.870000000000005,,,-10.032081604003894
2020/11/02,38.15,38.95,37.75,38.7,1263.0,270.0,0.0,2.0,20.5,46.20033445818125,47.25520531659459,38.58,37.277499999999996,35.975,2.8000000000000043,1.4249999999999972,3.1000000000000085,38.51,38.230000000000004,37.279999999999994,35.02166666666666,,,-11.882298740059735
2020/11/03,38.85,39.15,38.3,38.6,1167.0,-291.0,0.0,0.0,20.3,43.99506415060542,44.22784226780439,38.715833333333336,37.44083333333333,36.16583333333334,2.6000000000000014,1.1625000000000014,3.262500000000003,38.55,38.265,37.427499999999995,35.16166666666666,,,-12.39857110257993
2020/11/04,38.65,40.35,38.5,39.2,3260.0,871.0,0.0,-1.0,21.0,46.90392002807955,46.97434633442801,38.9575,37.6275,36.2975,2.950000000000003,0.5625,4.462500000000006,38.760000000000005,38.385000000000005,37.6175,35.303333333333335,,,-16.623302302426094
2020/11/05,39.55,40.0,38.6,38.6,2548.0,-497.0,0.0,42.0,20.6,33.860084664388964,40.001487939286285,39.12833333333333,37.79083333333334,36.45333333333333,1.6500000000000057,0.6875,3.7375000000000043,38.7,38.485,37.75,35.415,,,-11.458046692528676
2020/11/06,38.75,38.85,38.2,38.35,1013.0,-28.0,0.0,-35.0,20.6,21.247742556918578,32.011117763090105,39.2525,37.925,36.5975,1.0,0.7250000000000085,3.4499999999999957,38.69,38.54,37.8875,35.53916666666667,,,-10.177438299883187
2020/11/09,38.55,41.0,38.45,40.0,4717.0,1895.0,0.0,-2.0,22.2,46.760607895709406,36.16110340282193,39.55166666666666,38.151666666666664,36.75166666666667,3.6499999999999986,0.7750000000000057,5.049999999999997,38.95,38.730000000000004,38.14,35.69166666666667,,,-16.974101562499996
2020/11/10,40.0,40.45,37.45,38.15,4234.0,-1135.0,0.0,6.0,21.3,11.008908397496493,22.996386430326023,39.73833333333334,38.26833333333333,36.79833333333333,-0.7000000000000028,0.7750000000000057,3.1999999999999957,38.86,38.705,38.215,35.810833333333335,,,-17.4891483400868
2020/11/11,38.15,38.15,36.7,37.65,2172.0,-16.0,0.0,2.0,21.3,11.081608208897253,19.25240412510664,39.721666666666664,38.26416666666667,36.80666666666667,-1.500000000000007,0.8500000000000014,2.625,38.55,38.655,38.205,35.9125,,,-4.825849325142991
2020/11/12,38.0,38.0,37.0,37.35,1094.0,-184.0,0.0,1.0,21.1,7.3412258622324895,9.39614164845568,39.726666666666674,38.27916666666666,36.83166666666666,-2.1000000000000014,0.9125000000000085,2.2624999999999957,38.3,38.5,38.225,36.001666666666665,,,6.852335715015381
2020/11/13,37.35,37.7,37.0,37.1,918.0,-123.0,0.0,-10.0,21.0,4.39242087766845,7.32070146278075,39.70666666666667,38.314166666666665,36.92166666666667,-2.6000000000000014,1.3125,1.6125000000000043,38.05,38.37,38.275,36.086666666666666,,,10.111885266744615
2020/11/16,37.1,37.8,37.0,37.7,904.0,113.0,0.0,1.0,21.2,11.801851526300407,8.064598542971934,39.644999999999996,38.3125,36.980000000000004,-1.3999999999999986,1.3125,2.2125000000000057,37.589999999999996,38.269999999999996,38.25,36.19500000000001,,,10.923421680304495
2020/11/17,37.95,37.95,37.05,37.8,1264.0,-283.0,0.0,2.0,20.9,13.131462062716729,9.948077320239967,39.62083333333333,38.29833333333333,36.975833333333334,-1.45000000000001,1.3625000000000043,2.2624999999999957,37.52,38.190000000000005,38.2275,36.32,,,10.995680936983883
2020/11/18,37.55,38.6,37.55,38.2,1708.0,543.0,0.0,-40.0,21.3,18.73171605828148,14.985372846625161,39.61583333333333,38.29833333333333,36.98083333333334,-0.8999999999999986,1.4750000000000014,2.450000000000003,37.63,38.089999999999996,38.2375,36.440000000000005,,,-4.986585482854105
2020/11/19,38.25,38.35,37.8,37.85,1448.0,-67.0,0.0,70.0,21.3,13.732042163021474,14.926132785892898,39.623333333333335,38.31333333333333,37.00333333333334,-1.6000000000000014,1.75,1.7000000000000028,37.730000000000004,38.015,38.25,36.55,,,-1.7489778361012847
2020/11/20,37.75,38.15,37.2,37.55,2313.0,-173.0,0.0,28.0,21.1,9.755396550718501,13.389759971574476,39.592499999999994,38.292500000000004,36.99249999999999,-1.9250000000000114,1.7375000000000043,1.4124999999999943,37.82000000000001,37.935,38.2375,36.6475,,,-1.3502968079843427
2020/11/23,38.4,38.4,37.7,37.75,1313.0,193.0,-110.0,-62.0,21.3,12.386435881282937,11.993215694575536,39.516666666666666,38.26166666666667,37.00666666666667,-0.7500000000000071,1.9250000000000043,1.4249999999999972,37.83,37.71,38.22,36.74666666666666,,,-2.335423884917312
2020/11/24,37.75,38.15,36.9,36.9,2313.0,-330.0,-400.0,2.0,21.0,2.098641110501016,7.345243886753667,39.471666666666664,38.21666666666666,36.961666666666666,-2.8000000000000043,1.9499999999999957,0.5,37.65,37.585,38.145,36.8375,,,12.30627712781191
2020/11/25,37.15,37.2,36.45,36.55,2739.0,-305.0,-22.0,21.0,20.6,0.9453479667056933,4.483074563040585,39.35666666666667,38.134166666666665,36.91166666666667,-3.150000000000013,1.5750000000000028,0.29999999999999716,37.32,37.475,38.065000000000005,36.905,,,12.276691225594725
2020/11/26,36.55,37.25,36.55,37.0,1555.0,138.0,-80.0,-59.0,21.0,5.617840316498095,2.9336290870507726,39.24333333333333,38.060833333333335,36.87833333333334,-2.250000000000007,1.4750000000000014,0.75,37.15,37.440000000000005,37.97,36.92583333333334,,,15.622032505478456
2020/11/27,36.9,37.1,36.5,37.05,814.0,134.0,-10.0,20.0,21.1,7.029164074625831,4.574535350153311,39.115833333333335,37.97083333333334,36.825833333333335,-2.150000000000013,1.4750000000000014,0.7999999999999972,37.05,37.435,37.902499999999996,36.97,,,15.626729025407933
2020/11/30,37.05,37.2,36.7,36.8,1229.0,-96.0,-370.0,0.0,21.1,7.343229387349766,6.520718528970828,39.0025,37.8925,36.7825,-2.650000000000013,1.6000000000000014,0.42499999999999716,36.86,37.345,37.807500000000005,36.979166666666664,,,17.628780718336508
2020/12/01,36.8,36.9,36.2,36.3,839.0,-212.0,0.0,0.0,20.9,1.7393956537079271,4.932332791677397,38.884166666666665,37.78166666666667,36.67916666666666,-3.3000000000000043,2.1499999999999986,0.0,36.739999999999995,37.195,37.6925,36.95,,,15.791384923616326
2020/12/02,36.35,36.4,35.35,35.6,1511.0,-417.0,-80.0,-55.0,20.6,2.8867211012214584,3.5198230481624093,38.66583333333333,37.60333333333334,36.54083333333333,-3.8499999999999943,2.1499999999999986,0.0,36.55,36.935,37.5125,36.875,,,15.080738700921593
2020/12/03,35.6,36.4,35.3,35.8,1003.0,-143.0,0.0,-59.0,20.2,5.97137974227982,3.548377577623942,38.48916666666667,37.44166666666666,36.39416666666666,-3.3999999999999986,2.1499999999999986,0.0,36.309999999999995,36.73,37.372499999999995,36.82583333333333,,,19.463421865734524
2020/12/04,35.85,36.7,35.5,36.6,1231.0,91.0,-100.0,-34.0,20.3,18.269438122770367,9.621183390097995,38.406666666666666,37.33166666666666,36.256666666666675,-1.67499999999999,2.2250000000000014,0.0,36.220000000000006,36.635,37.285,36.802499999999995,,,17.354061221595146
2020/12/07,36.55,36.55,35.15,35.5,1409.0,-310.0,0.0,2.0,20.0,4.020453570046324,8.545639406462085,38.144999999999996,37.1275,36.11,-3.2750000000000057,2.4624999999999986,0.0,35.96,36.41,37.06,36.7575,,,14.96172634397937
2020/12/08,35.6,37.0,35.3,36.5,1558.0,307.0,0.0,-34.0,20.1,19.587813385652236,14.316095233453902,37.95916666666666,37.00666666666666,36.05416666666667,-1.2750000000000057,2.5249999999999986,0.0,36.0,36.37,36.9775,36.73500000000001,,,1.7969834865828558
2020/12/09,36.75,37.8,36.55,37.7,2602.0,261.0,0.0,-14.0,20.4,42.75195412136349,23.637695955896437,37.94166666666667,36.99916666666666,36.05666666666666,0.8500000000000085,2.5249999999999986,0.4000000000000057,36.42,36.485,36.980000000000004,36.75833333333333,,,-2.1128253206594265
2020/12/10,37.8,39.0,37.75,37.95,3769.0,-416.0,0.0,-7.0,20.1,40.62673753944884,35.8869514931798,37.99333333333333,37.038333333333334,36.08333333333333,0.75,2.950000000000003,0.22500000000000142,36.85,36.58,37.01,36.79416666666667,,,-0.38432095486571427
2020/12/11,38.5,39.8,38.1,38.6,6307.0,1399.0,0.0,-7.0,21.2,43.99823172622632,44.552055622080935,38.12166666666666,37.11666666666667,36.111666666666665,1.6500000000000057,2.5,0.8250000000000028,37.25,36.735,37.084999999999994,36.845000000000006,,,-5.3019879728315065
2020/12/14,39.4,41.75,38.9,41.4,10306.0,400.0,0.0,-17.0,21.6,66.39165220600046,56.46574325683674,38.38333333333333,37.27583333333333,36.16833333333334,5.8999999999999915,2.25,3.549999999999997,38.42999999999999,37.19500000000001,37.269999999999996,36.95666666666667,,,-5.917086746481816
2020/12/15,41.55,42.8,40.15,42.0,8122.0,1457.0,0.0,-19.0,22.9,64.32334820739193,61.882268170302886,38.67333333333333,37.47833333333334,36.28333333333333,6.050000000000011,2.125,3.825000000000003,39.529999999999994,37.765,37.48,37.085,,,-16.242736678004555
2020/12/16,42.4,43.7,41.2,42.0,3350.0,-187.0,0.0,-29.0,22.7,57.55246944871905,63.30063999409202,38.955,37.6875,36.42,5.150000000000006,2.450000000000003,3.5,40.39,38.404999999999994,37.67,37.215,,,-13.332837301587299
2020/12/17,42.05,42.05,41.0,41.1,1587.0,184.0,0.0,5.0,22.8,45.42748930358239,52.05934883941597,39.149166666666666,37.85666666666667,36.564166666666665,3.3500000000000085,2.3500000000000085,2.6999999999999957,41.02,38.935,37.832499999999996,37.30583333333334,,,-10.655054729725713
2020/12/18,41.5,42.4,40.25,40.35,3363.0,420.0,0.0,4.0,23.2,36.695220260722984,42.34063876237266,39.377500000000005,38.025,36.6725,1.7750000000000057,2.2750000000000057,1.9499999999999957,41.37,39.31,37.972500000000004,37.388333333333335,,,-17.094079990909776
2020/12/21,40.95,43.35,40.65,42.15,6577.0,536.0,0.0,-11.0,23.6,54.71247155952623,47.28720756216197,39.6825,38.23,36.7775,4.75,1.6000000000000085,3.749999999999993,41.519999999999996,39.975,38.1925,37.5275,,,-5.918969843058926
2020/12/22,41.95,42.35,39.7,39.8,3620.0,-778.0,0.0,9.0,23.0,29.54567850286544,35.68779087980523,39.917500000000004,38.394999999999996,36.8725,-0.5500000000000043,1.6000000000000085,1.3999999999999915,41.08,40.305,38.3375,37.62416666666666,,,-12.854410242165576
2020/12/23,40.35,40.4,39.1,40.2,1325.0,301.0,0.0,0.0,23.2,32.981648888128255,36.35600900539547,40.10333333333333,38.553333333333335,37.00333333333333,0.07500000000000284,1.7250000000000085,1.6749999999999972,40.72,40.555,38.519999999999996,37.73833333333334,,,-3.945002134848144
2020/12/24,40.5,40.55,39.6,39.85,1070.0,-133.0,0.0,2.0,23.1,29.765860094363966,30.39917626658447,40.26916666666666,38.70666666666666,37.14416666666666,-1.0249999999999915,1.8500000000000085,1.1999999999999957,40.47,40.745000000000005,38.6625,37.8325,,,-1.4712480459187447
2020/12/25,40.45,40.65,39.9,40.15,1261.0,97.0,0.0,-10.0,23.2,31.984522415234373,31.71841859336773,40.44416666666667,38.87416666666666,37.30416666666667,-0.5250000000000057,1.8500000000000085,1.499999999999993,40.43,40.9,38.8175,37.93750000000001,,,-3.11231698068728
2020/12/28,40.8,43.4,40.8,43.0,6933.0,78.0,0.0,-7.0,23.3,58.73303038622644,44.038187559040416,40.82416666666667,39.149166666666666,37.47416666666667,5.174999999999997,1.7125000000000057,4.487499999999997,40.6,41.06,39.1275,38.07166666666667,,,-6.533607693347751
2020/12/29,43.4,45.0,41.05,42.2,7571.0,-1188.0,0.0,-4.0,22.3,37.494581371230815,42.623676348311186,41.30083333333333,39.46333333333333,37.62583333333333,2.2750000000000057,1.3250000000000028,4.075000000000003,41.08,41.08,39.4225,38.18083333333333,,,-13.185508664450504
2020/12/30,42.2,42.25,40.65,41.2,1954.0,17.0,0.0,5.0,22.3,25.33842341599209,36.944096863616615,41.6075,39.7425,37.8775,0.2750000000000057,1.5,2.9000000000000057,41.28,41.0,39.7025,38.2775,,,-16.935664883589432
2020/12/31,41.3,41.75,40.55,41.05,1408.0,-129.0,0.0,2.0,22.2,19.634709086512938,26.28529750833164,41.876666666666665,40.006666666666675,38.13666666666667,-0.025000000000005684,1.3250000000000028,2.924999999999997,41.519999999999996,40.995,39.965,38.3625,,,-7.522298346836449
2021/01/04,41.6,42.15,41.0,41.45,1824.0,81.0,0.0,-4.0,22.3,22.78803445342937,22.885757413995076,42.1375,40.269999999999996,38.4025,0.7750000000000057,1.3250000000000028,3.325000000000003,41.78,41.105000000000004,40.207499999999996,38.46,,,-8.926690200380957
2021/01/05,41.8,41.8,40.7,40.85,1507.0,-14.0,0.0,2.0,22.3,16.086972521011113,18.935157819813078,42.391666666666666,40.539166666666674,38.68666666666667,-0.42499999999999716,1.3250000000000028,2.7250000000000014,41.35,40.975,40.475,38.55833333333333,,,-6.167423732825566
2021/01/06,41.15,41.15,39.55,39.6,2733.0,75.0,0.0,6.0,22.3,4.115869882984944,12.622000974487166,42.57833333333333,40.73083333333333,38.88333333333333,-3.1499999999999986,1.3250000000000028,1.4750000000000014,40.83,40.955,40.63,38.6075,,,0.11944731404958153
2021/01/07,39.65,40.0,38.65,39.1,1754.0,130.0,0.0,4.0,22.4,3.293487144006807,7.005637908014445,42.67833333333333,40.825833333333335,38.97333333333333,-3.700000000000003,1.1500000000000057,1.1499999999999986,40.410000000000004,40.845000000000006,40.7,38.62833333333334,,,11.203550473898012
2021/01/08,39.6,39.9,38.8,39.15,782.0,-72.0,0.0,2.0,22.4,3.6788950206555877,3.6497964159724434,42.72333333333333,40.87833333333334,39.03333333333334,-3.6000000000000085,0.7250000000000014,1.625,40.03,40.775,40.760000000000005,38.665,,,14.276287782034908
2021/01/11,39.45,40.6,39.45,40.1,1372.0,-92.0,0.0,-4.0,22.3,11.719211130596696,6.465771658260248,42.75666666666667,40.939166666666665,39.12166666666667,-1.7000000000000028,0.7000000000000028,2.6000000000000014,39.760000000000005,40.77,40.835,38.73166666666667,,,10.536563827339387
2021/01/12,40.15,40.5,38.95,39.2,1554.0,-332.0,0.0,6.0,22.0,4.0853436807525005,6.189914667806789,42.635000000000005,40.88250000000001,39.13,-2.125,0.6375000000000028,1.7625000000000028,39.43,40.39,40.725,38.74833333333333,,,8.010767404857344
2021/01/13,39.1,40.1,38.8,40.05,1134.0,-120.0,0.0,-4.0,22.0,11.285218265612595,9.135652881686411,42.467499999999994,40.7825,39.097500000000004,-0.45000000000000284,0.3375000000000057,2.9124999999999943,39.52,40.175,40.627500000000005,38.77833333333333,,,7.535840031421422
2021/01/14,40.05,40.35,39.6,40.0,870.0,-211.0,0.0,0.0,21.8,10.829981060748905,8.82442901246207,42.26416666666667,40.66666666666667,39.06916666666667,-1.1749999999999972,0.3375000000000057,2.862499999999997,39.7,40.05499999999999,40.5275,38.81166666666666,,,9.300107421875003
2021/01/15,39.75,39.85,37.6,38.0,2343.0,-720.0,0.0,8.0,19.7,2.2820741084615257,6.855206869118697,42.17916666666666,40.52166666666667,38.86416666666666,-5.0,0.4750000000000014,0.7250000000000014,39.470000000000006,39.75,40.3725,38.818333333333335,36.36833333333333,,14.950657894736825
2021/01/18,38.0,38.9,37.15,38.4,925.0,247.0,0.0,-2.0,20.2,7.049933611264528,6.28519810151059,42.016666666666666,40.37916666666667,38.74166666666667,-3.4250000000000043,0.6750000000000043,0.8249999999999957,39.129999999999995,39.445,40.275,38.82833333333334,36.45333333333334,,17.753639221191428
2021/01/19,38.5,39.2,37.85,38.85,1544.0,106.0,0.0,-17.0,20.2,15.525259640914586,8.486464872861204,41.77833333333333,40.20833333333333,38.638333333333335,-2.25,0.7749999999999986,1.0750000000000028,39.06,39.245000000000005,40.11,38.84083333333333,36.53791666666667,,15.328334401693452
2021/01/20,39.0,39.65,37.65,37.95,2112.0,-335.0,0.0,-10.0,20.0,6.843210920154818,9.303473586424175,41.63583333333334,40.098333333333336,38.56083333333333,-4.049999999999997,0.9250000000000043,0.0,38.64,39.08,40.0175,38.833333333333336,36.61,,15.601165461107042
2021/01/21,38.7,39.45,37.9,38.15,1533.0,377.0,0.0,-44.0,20.2,8.773541977248026,10.13831517370885,41.57833333333333,40.02833333333333,38.47833333333334,-3.6500000000000057,0.9249999999999972,0.0,38.269999999999996,38.985,39.915000000000006,38.833333333333336,36.68541666666667,,4.667759705515054
2021/01/22,38.3,39.35,38.0,39.2,1165.0,718.0,0.0,-28.0,20.8,21.760465698291686,13.176581180559062,41.54083333333334,39.97083333333333,38.40083333333333,-1.5,0.2749999999999915,0.0,38.510000000000005,38.989999999999995,39.8825,38.83833333333334,36.77458333333333,,0.24167989900040254
2021/01/25,39.3,39.7,38.8,39.45,957.0,141.0,0.0,-31.0,21.0,29.09403469314431,20.506828567413383,41.5025,39.925,38.3475,-0.9249999999999972,0.125,0.025000000000005684,38.720000000000006,38.925,39.847500000000004,38.85583333333333,36.86291666666667,,0.7250558615693321
2021/01/26,39.7,40.25,39.6,39.85,1871.0,611.0,0.0,-37.0,21.4,41.162915044289974,31.531391269764118,41.28,39.8,38.32,-0.125,0.16250000000000142,0.38750000000000284,38.92,38.989999999999995,39.690000000000005,38.875,36.94833333333334,,-0.7220950112482698
2021/01/27,40.1,40.3,38.4,39.15,1088.0,-279.0,0.0,10.0,21.2,28.330837683743916,31.559372728120604,41.00416666666667,39.626666666666665,38.24916666666667,-1.5,0.4750000000000014,-0.14999999999999858,39.160000000000004,38.900000000000006,39.5375,38.88416666666667,37.02291666666667,,3.0738196248831704
2021/01/28,38.75,39.2,38.5,39.0,707.0,-170.0,0.0,42.0,21.1,25.784464526271947,30.43031399046508,40.83583333333333,39.50333333333333,38.170833333333334,-1.7999999999999972,0.7750000000000057,-0.29999999999999716,39.33,38.8,39.4275,38.880833333333335,37.092083333333335,,3.8002958579881656
2021/01/29,39.1,39.15,38.0,38.05,1039.0,-389.0,0.0,29.0,20.7,11.641013132576308,19.998423258620782,40.697500000000005,39.3675,38.0375,-3.950000000000003,0.7375000000000043,-1.375,39.1,38.80499999999999,39.277499999999996,38.87166666666667,37.14333333333333,,8.605045405018986
2021/02/01,38.05,38.05,36.8,37.4,997.0,-388.0,0.0,1.0,20.4,6.826159302508361,13.111362665867142,40.49666666666667,39.16166666666667,37.82666666666667,-4.649999999999999,0.9375,-2.0249999999999986,38.69,38.705,39.075,38.85583333333333,37.1975,,12.009945415939816
2021/02/02,37.7,39.35,37.3,38.75,1505.0,493.0,0.0,83.0,20.8,26.50254174595804,15.873125844785427,40.41166666666667,39.02916666666666,37.64666666666666,-1.9499999999999957,0.9875000000000043,-0.6749999999999972,38.47,38.69500000000001,38.97,38.835,37.26333333333333,,4.322976066597292
2021/02/03,38.75,39.15,38.35,38.35,531.0,47.0,0.0,-3.0,20.8,20.504380707125843,17.920760421145403,40.2975,38.955,37.6125,-2.749999999999993,0.9875000000000043,-1.0749999999999957,38.309999999999995,38.735,38.9075,38.83833333333334,37.32458333333333,,6.296203906583308
2021/02/04,38.1,38.65,38.1,38.4,356.0,-102.0,0.0,-17.0,20.6,21.29851310415005,22.50780368092618,40.21416666666667,38.91166666666666,37.60916666666667,-1.2749999999999986,0.9874999999999972,-1.6750000000000043,38.19,38.760000000000005,38.872499999999995,38.85083333333333,37.38166666666666,,5.979442596435539
2021/02/05,38.45,38.8,38.25,38.4,358.0,34.0,0.0,2.0,20.6,21.29851310415005,21.076653592648498,40.14666666666667,38.87166666666666,37.596666666666664,-1.2249999999999943,0.9874999999999972,-1.6750000000000043,38.260000000000005,38.68,38.835,38.86833333333333,37.434999999999995,,5.916012658013242
2021/02/17,39.25,40.15,38.9,40.0,1470.0,484.0,0.0,0.0,21.0,50.75653771359576,33.83769180906384,40.13333333333334,38.85333333333334,37.57333333333334,1.9750000000000085,0.9874999999999972,-0.07500000000000284,38.78,38.735,38.83,38.916666666666664,37.501666666666665,,7.779697265624996
2021/02/18,40.0,40.85,39.75,40.05,1614.0,178.0,0.0,27.0,21.1,44.74866506668046,40.40820846973656,40.14416666666666,38.88666666666666,37.62916666666666,1.9749999999999943,0.9874999999999972,-0.025000000000005684,39.04,38.755,38.8725,38.95583333333333,37.57541666666667,,-2.3424507598959274
2021/02/19,40.75,40.75,39.85,39.95,897.0,192.0,0.0,-40.0,21.2,42.85562168289929,45.81631996091664,40.15083333333334,38.913333333333334,37.67583333333333,2.1000000000000085,0.9874999999999972,-0.125,39.36,38.834999999999994,38.8675,38.99166666666667,37.655833333333334,,-2.2504272393057136
2021/02/22,41.5,42.75,41.25,42.15,4779.0,1306.0,0.0,18.0,22.3,58.423383594354824,53.70025939469582,40.29166666666667,39.016666666666666,37.74166666666666,4.75,1.0999999999999943,0.9750000000000014,40.11,39.15,38.975,39.0575,37.748749999999994,,-7.533852858443489
2021/02/23,42.45,42.6,41.6,41.75,1849.0,-467.0,0.0,0.0,21.9,51.823456325825276,52.094884828841195,40.40416666666667,39.19166666666666,37.979166666666664,3.700000000000003,0.875,0.7999999999999972,40.779999999999994,39.52,39.1625,39.122499999999995,37.83624999999999,,-6.793359389006401
2021/02/24,42.15,42.15,40.9,40.95,1780.0,-37.0,0.0,-1.0,21.8,39.89975926802917,46.30935915044346,40.53833333333334,39.350833333333334,38.163333333333334,1.70000000000001,0.875,0.0,40.97,39.875,39.29,39.17916666666667,37.91333333333333,,-2.031349467246915
2021/02/25,41.1,42.35,41.1,41.85,2305.0,919.0,0.0,7.0,22.5,51.822818830109306,48.40217072251133,40.690000000000005,39.5075,38.325,3.500000000000007,0.875,0.8999999999999986,41.33,40.184999999999995,39.44,39.24750000000001,37.99708333333333,,-6.244709657435603
2021/02/26,41.7,45.95,41.6,45.35,9487.0,1731.0,0.0,-1.0,23.9,67.01829122811677,59.305045463890075,41.10166666666667,39.80166666666666,38.50166666666667,7.225000000000001,0.1875,5.087499999999999,42.410000000000004,40.885000000000005,39.81,39.388333333333335,38.11291666666667,,-20.66717549039748
2021/03/02,47.0,49.8,44.6,44.85,14024.0,-2512.0,0.0,-10.0,22.0,42.61680255595793,55.11270980930319,41.68,40.197500000000005,38.714999999999996,2.0500000000000114,0.19999999999999574,4.575000000000003,42.95,41.53,40.144999999999996,39.526666666666664,38.21583333333333,,-12.448002694476475
2021/03/03,44.9,45.45,43.45,44.2,3645.0,-599.0,0.0,12.0,21.6,35.95507790260828,45.71803226197574,41.98833333333333,40.473333333333336,38.95833333333333,0.32500000000000995,0.5124999999999957,3.6125000000000043,43.44,42.11,40.394999999999996,39.64666666666666,38.286249999999995,,-17.829447531274973
2021/03/04,44.6,44.8,43.25,43.8,2826.0,-470.0,0.0,0.0,21.2,30.645154997577983,34.77311113918158,42.2525,40.705,39.1575,-0.5250000000000057,0.42499999999999716,3.299999999999997,44.010000000000005,42.49,40.6125,39.75916666666667,38.364583333333336,,-7.140518468130339
2021/03/05,43.7,44.35,43.35,43.85,1327.0,-282.0,0.0,0.0,21.0,30.997713848522718,32.180838184630964,42.4675,40.902499999999996,39.3375,-0.9499999999999886,0.037499999999994316,3.7375000000000043,44.410000000000004,42.87,40.8125,39.876666666666665,38.42791666666667,,-8.324757615432553
2021/03/08,43.95,44.9,43.95,44.6,2132.0,-334.0,-33.0,14.0,20.7,36.07914002563035,33.43372491977367,42.68,41.1625,39.645,0.5500000000000114,-0.10000000000000142,4.524999999999999,44.26,43.335,41.084999999999994,40.015,38.482499999999995,,-1.0692453095779104
2021/03/09,44.6,47.75,44.4,47.7,5450.0,406.0,0.0,3.0,21.0,59.507504221125686,45.41837746059413,43.19833333333334,41.54833333333333,39.89833333333333,6.750000000000014,-0.10000000000000142,7.625,44.83,43.89,41.519999999999996,40.21666666666667,38.545833333333334,,-23.045963371702083
2021/03/10,48.1,49.5,46.6,47.9,12285.0,-2580.0,0.0,10.0,19.1,60.11604727051827,53.57356779414654,43.76583333333333,42.028333333333336,40.29083333333334,7.049999999999997,-0.10000000000000142,7.824999999999996,45.57000000000001,44.504999999999995,42.0125,40.41833333333334,38.62208333333333,,-23.679834903090544
2021/03/11,47.95,48.6,47.55,47.8,4348.0,-241.0,0.0,3.0,18.9,58.72184132837027,59.219026960444765,44.28416666666667,42.556666666666665,40.829166666666666,6.599999999999994,-0.125,7.724999999999994,46.37,45.19,42.532500000000006,40.605,38.70375,,-23.099101031144397
2021/03/12,48.0,48.75,47.45,48.55,4324.0,522.0,0.0,0.0,19.3,64.64921173875761,61.91244641011281,44.73583333333333,43.045833333333334,41.35583333333334,7.274999999999999,-0.16250000000000142,8.474999999999994,47.31,45.86,43.0225,40.822500000000005,38.79,,-25.000669519038723
2021/03/15,49.0,50.7,49.0,49.95,6840.0,-533.0,0.0,24.0,18.9,72.09571062378407,67.19305959537424,45.34416666666667,43.60916666666667,41.87416666666667,9.175000000000004,-0.16250000000000142,9.875,48.38,46.32,43.602500000000006,41.04666666666667,38.89083333333334,,-28.924075476878283
2021/03/16,49.95,50.0,49.05,49.25,3122.0,-347.0,0.0,-8.0,18.6,62.63119205317621,64.5653720405548,45.91666666666667,44.16166666666667,42.406666666666666,7.774999999999999,-0.17500000000000426,9.174999999999997,48.69,46.76,44.145,41.23916666666666,38.99875,,-26.520175732433195
2021/03/17,49.25,51.3,49.25,50.4,5255.0,1082.0,0.0,-11.0,19.5,69.28514990707122,68.06882074477898,46.583333333333336,44.75333333333334,42.92333333333333,9.424999999999997,-0.17500000000000426,10.324999999999996,49.190000000000005,47.38,44.745,41.44666666666667,39.120416666666664,,-29.80384355709875
2021/03/18,51.0,52.8,50.9,52.5,4585.0,1037.0,0.0,-11.0,20.3,77.59111690654025,72.73780879484185,47.235,45.372499999999995,43.510000000000005,11.825000000000003,-0.05000000000000426,12.424999999999997,50.13,48.25,45.37,41.67833333333333,39.26166666666666,,-44.67975056689342
2021/03/19,52.4,54.0,51.8,53.0,3841.0,386.0,0.0,0.0,20.6,73.01578670517743,74.92174626710108,47.92583333333333,46.00833333333334,44.090833333333336,11.149999999999999,-0.3500000000000085,12.924999999999997,51.02,49.165000000000006,46.0175,41.87166666666667,39.41416666666667,,-50.402233891064434
2021/03/22,55.3,56.6,54.0,54.6,6047.0,-368.0,0.0,10.0,20.3,70.37977718499891,75.34160366540827,48.755,46.7525,44.75,10.25,-0.3500000000000085,14.524999999999999,51.95,50.165,46.75,42.08166666666667,39.583333333333336,,-50.928841457687604
2021/03/23,54.8,55.4,52.0,53.1,4017.0,585.0,0.0,2.0,20.7,54.636056791570645,61.58461601521038,49.4225,47.325,45.227500000000006,6.824999999999996,-0.3500000000000085,13.024999999999999,52.720000000000006,50.705,47.2975,42.266666666666666,39.74083333333333,,-30.91338429782842
2021/03/24,53.0,53.5,52.5,52.9,1495.0,5.0,0.0,0.0,20.7,52.57551863540173,56.13780547694519,49.97166666666667,47.87416666666667,45.77666666666667,6.349999999999994,-1.0375000000000085,12.824999999999996,53.220000000000006,51.205,47.855000000000004,42.46333333333333,39.88458333333334,,-31.427656687190215
2021/03/25,53.0,53.1,51.5,51.7,2381.0,109.0,0.0,1.0,20.8,40.76025321045201,45.933856200051196,50.527499999999996,48.4125,46.2975,2.8500000000000085,-1.062500000000007,11.625,53.06,51.595000000000006,48.3925,42.6525,40.02041666666666,,-25.23349024838284
2021/03/26,52.0,53.5,52.0,53.0,1817.0,807.0,0.0,0.0,21.4,49.09408775789335,47.31969012950244,51.093333333333334,48.96583333333333,46.83833333333333,5.0,-1.062500000000007,12.924999999999997,53.06,52.04,48.95,42.833333333333336,40.180416666666666,,-29.00921146315414
2021/03/29,53.8,54.5,53.2,53.5,1859.0,-282.0,0.0,-3.0,21.2,48.83230710575737,47.35946466515371,51.4125,49.4375,47.4625,5.850000000000001,-1.0125000000000028,13.424999999999997,52.839999999999996,52.395,49.3575,43.061666666666675,40.34291666666666,,-30.36381998427809
2021/03/30,54.4,55.0,53.6,54.7,2589.0,877.0,0.0,0.0,21.8,58.102470752622075,53.46362291529203,51.623333333333335,49.83833333333333,48.053333333333335,6.900000000000006,-1.1750000000000043,14.625,53.160000000000004,52.94,49.85,43.30333333333333,40.520833333333336,,-33.205468418396514
2021/03/31,55.0,55.6,54.5,55.2,2093.0,171.0,0.0,0.0,21.8,62.96309148306699,57.71887528276767,52.114999999999995,50.375,48.635000000000005,7.6000000000000085,-0.30000000000000426,15.125,53.620000000000005,53.42,50.4,43.55916666666666,40.69583333333333,,-32.66186200378072
2021/04/01,56.0,56.0,54.1,54.8,2153.0,-483.0,0.0,32.0,21.3,54.94238222702668,57.654819412532824,52.68333333333334,50.92583333333333,49.16833333333334,6.799999999999997,-0.17500000000000426,14.724999999999994,54.24000000000001,53.65,50.95,43.80333333333333,40.870416666666664,,-32.826902072566455
2021/04/06,55.3,55.3,53.6,54.8,2413.0,-42.0,0.0,37.0,21.3,54.829461140010636,56.916638657499796,53.25416666666666,51.461666666666666,49.66916666666667,6.999999999999993,0.024999999999991473,14.700000000000003,54.6,53.83,51.4975,44.0,41.035833333333336,,-32.843801614364125
2021/04/07,55.0,55.8,54.6,55.1,1936.0,-210.0,0.0,10.0,21.2,57.895882504873605,56.2691653848052,53.80083333333333,51.99583333333334,50.19083333333333,7.350000000000001,0.024999999999991473,15.000000000000007,54.92,53.88000000000001,52.0225,44.215,41.197916666666664,,-33.889895784269505
2021/04/08,55.4,55.7,54.9,55.3,1523.0,-10.0,0.0,-20.0,21.2,56.54657048245652,56.87982810909836,54.1075,52.42999999999999,50.7525,6.924999999999997,1.1875,13.5625,55.04,54.1,52.402499999999996,44.45,41.363749999999996,,-28.54999464535051
2021/04/09,55.1,55.1,53.1,53.6,3177.0,-445.0,0.0,-10.0,20.8,25.734046782018023,41.23993646069256,54.35916666666666,52.72666666666667,51.094166666666666,3.2750000000000057,1.2749999999999986,9.775000000000006,54.720000000000006,54.17,52.6875,44.65916666666667,41.51083333333334,,-21.056060213159967
2021/04/12,53.7,55.9,53.5,55.2,3876.0,1246.0,0.0,-4.0,21.8,48.86579116014702,42.86472908784824,54.77083333333333,53.070833333333326,51.37083333333334,5.925000000000011,0.8624999999999972,11.162500000000009,54.8,54.519999999999996,53.05749999999999,44.888333333333335,41.674166666666665,,-26.2521937273551
2021/04/13,56.2,57.9,55.3,55.5,4981.0,906.0,0.0,16.0,22.5,42.61733856682644,40.05472735888655,55.235,53.46999999999999,51.705,4.875,0.7625000000000028,11.4375,54.94,54.769999999999996,53.404999999999994,45.1325,41.845416666666665,,-25.11984112490868
2021/04/14,56.0,56.8,53.5,55.1,2747.0,-46.0,0.0,0.0,22.5,37.00118552082186,41.945425270880854,55.57750000000001,53.732499999999995,51.8875,3.7750000000000057,1.0249999999999986,10.775000000000006,54.94,54.92999999999999,53.6625,45.39083333333333,41.999166666666675,,-22.44081253026178
2021/04/15,55.1,55.5,54.5,55.2,1004.0,134.0,0.0,1.0,22.6,38.21530906718995,38.903873194526696,55.861666666666665,54.01416666666667,52.166666666666664,3.750000000000007,1.0249999999999986,10.875000000000007,54.92,54.98,53.96,45.65916666666667,42.14375,,-23.034752579552634
2021/04/16,55.5,59.5,55.4,58.7,5347.0,587.0,0.0,81.0,23.0,66.98445331897386,50.837159340262914,56.341666666666676,54.391666666666666,52.44166666666668,8.050000000000011,1.0249999999999986,14.375000000000007,55.94,55.33,54.375,45.985,42.325,,-31.226093322382475
2021/04/19,59.9,63.0,58.4,61.8,8534.0,-1967.0,0.0,68.0,21.5,70.28918203143708,62.6608869671489,56.92666666666666,54.84166666666666,52.75666666666666,10.324999999999996,1.0750000000000028,17.424999999999997,57.260000000000005,56.029999999999994,54.84000000000001,46.34666666666667,42.53916666666667,,-36.3231379148731
2021/04/20,61.4,63.5,58.5,62.1,5682.0,-83.0,30.0,76.0,21.5,69.57067341479146,70.67880696933997,57.48833333333333,55.263333333333335,53.038333333333334,10.425000000000004,1.2000000000000028,17.6,58.58,56.760000000000005,55.295,46.72833333333334,42.73833333333334,,-51.37161894093212
2021/04/21,62.1,68.3,61.6,68.3,7532.0,141.0,0.0,131.0,21.7,86.51748100649571,79.13963054770558,58.24333333333334,55.81333333333333,53.38333333333334,17.249999999999993,1.6124999999999972,23.387500000000003,61.220000000000006,58.08,55.98,47.19916666666666,42.988749999999996,,-55.96833339049796
2021/04/22,69.2,73.5,64.9,64.9,19620.0,-1372.0,529.0,-53.0,20.7,42.25025022533385,59.50105860721178,59.21666666666666,56.526666666666664,53.836666666666666,5.025000000000013,1.6124999999999972,19.53750000000001,63.160000000000004,59.040000000000006,56.57000000000001,47.61416666666666,43.212916666666665,,-33.87915968266934
2021/04/23,65.0,66.5,60.7,63.0,6766.0,-522.0,217.0,-19.0,20.3,32.409531973856645,45.94078438045001,59.97833333333333,57.04833333333333,54.118333333333325,1.125,1.6124999999999972,17.637500000000003,64.02000000000001,59.980000000000004,57.075,48.030833333333334,43.42458333333333,,-38.86603599773243
2021/04/26,64.5,69.3,64.5,69.3,6940.0,-275.0,0.0,126.0,20.1,59.21438226067191,46.17747093990672,60.91833333333333,57.82833333333334,54.73833333333333,12.899999999999991,1.6375000000000028,23.612499999999997,65.52000000000001,61.39,57.955,48.545833333333334,43.68708333333334,,-33.12423086773734
2021/04/27,69.2,72.0,67.8,69.3,7791.0,-643.0,0.0,-39.0,19.6,59.21438226067192,51.53844381947371,61.89666666666667,58.67166666666666,55.44666666666667,12.099999999999994,1.7875000000000014,22.7125,66.96,62.77,58.769999999999996,49.05333333333333,43.94708333333333,,-41.06269612221993
2021/04/28,69.4,70.8,68.3,68.9,4726.0,-250.0,0.0,8.0,19.4,56.77276797656963,57.73095815338934,62.736666666666665,59.45166666666667,56.166666666666664,10.850000000000009,2.0249999999999986,21.47500000000001,67.08000000000001,64.15,59.54,49.56916666666667,44.20125,,-38.46597527811074
2021/04/29,69.7,73.3,68.2,72.7,8337.0,1265.0,0.0,180.0,20.4,74.15934329151824,65.11158027555958,63.77,60.3,56.830000000000005,16.950000000000003,2.7749999999999986,23.225,68.64,65.9,60.44000000000001,50.145,44.48916666666666,,-42.12724136234719
2021/05/03,78.8,79.9,75.0,79.9,12950.0,298.0,2.0,-19.0,20.7,82.52255080157056,75.21957473717015,65.11833333333334,61.45833333333333,57.79833333333333,24.900000000000006,2.987499999999997,30.212500000000006,72.02000000000001,68.02000000000001,61.675,50.82333333333333,44.83083333333333,,-62.546293395530405
2021/05/04,81.5,83.1,72.0,72.0,18468.0,-3040.0,0.0,-259.0,18.3,40.48776416772683,55.81913086590606,66.615,62.49499999999999,58.375,4.799999999999997,3.0249999999999986,22.275,72.56000000000002,69.04,62.535000000000004,51.36583333333333,45.110833333333325,,-34.078703703703695
2021/05/05,71.0,75.6,68.2,73.1,9508.0,-77.0,0.0,-36.0,18.1,42.84530075501847,49.9669882909109,67.78666666666666,63.38166666666666,58.97666666666667,6.749999999999986,3.5749999999999957,22.824999999999996,73.32000000000001,70.14,63.45,51.92,45.3975,,-34.86312389938636
2021/05/06,74.0,76.0,70.3,72.9,6687.0,-829.0,815.0,-22.0,17.4,41.36821356344412,41.62602445816268,68.90666666666667,64.27666666666667,59.64666666666667,5.800000000000011,3.799999999999997,22.400000000000006,74.12,70.6,64.34,52.482499999999995,45.68333333333333,,-34.18907272867544
2021/05/07,75.2,75.3,72.2,74.7,5433.0,217.0,433.0,43.0,17.6,44.478858096168494,43.63142170015992,69.96,65.215,60.46999999999999,7.500000000000014,3.875,24.125,74.52000000000001,71.58,65.31,53.0775,45.979166666666664,,-36.95511631532825
2021/05/10,76.7,82.1,76.3,82.1,10284.0,1725.0,399.0,16.0,19.0,70.84148548283726,55.40797180543193,71.46166666666667,66.52666666666667,61.591666666666676,20.650000000000006,4.549999999999997,30.849999999999994,74.96000000000001,73.49,66.73499999999999,53.81166666666666,46.34166666666667,,-48.63311356430841
2021/05/11,80.8,84.6,74.5,77.8,14634.0,-2042.0,0.0,-191.0,17.4,47.01843738238177,51.14333837103081,73.05166666666666,67.73166666666665,62.41166666666667,10.349999999999994,4.699999999999996,26.4,76.11999999999999,74.34,67.86500000000001,54.48500000000001,46.67041666666667,,-39.99019468546996
2021/05/12,75.6,76.5,70.1,70.1,6004.0,-398.0,6.0,-75.0,17.0,21.321000171497065,37.371067503503085,74.04166666666666,68.53166666666667,63.02166666666667,-5.050000000000011,4.699999999999996,18.699999999999996,75.52000000000001,74.41999999999999,68.595,55.00750000000001,46.92125,,-33.31568311826796
2021/05/13,63.7,69.5,63.1,68.2,6446.0,831.0,0.0,-42.0,17.7,16.255135684967616,24.563316146173282,74.78666666666666,69.12166666666667,63.45666666666667,-6.299999999999983,4.599999999999994,16.900000000000006,74.58000000000001,74.35,69.25,55.504999999999995,47.17166666666667,,-20.619447717167915
2021/05/14,68.0,70.9,63.1,65.7,5355.0,-269.0,6.0,-13.0,17.5,5.892909987022677,13.450135556154262,75.70166666666667,69.69666666666666,63.69166666666668,-11.299999999999983,4.724999999999994,14.275000000000006,72.78,73.65,69.775,55.96000000000001,47.40541666666666,,-13.556066387273011
2021/05/17,60.0,64.0,59.2,59.8,6832.0,1837.0,-1247.0,-46.0,19.0,1.000413885335137,6.470643220839571,75.89333333333333,69.85333333333332,63.81333333333333,-21.150000000000006,5.137499999999996,7.962499999999999,68.32000000000001,71.64,69.83000000000001,56.31666666666667,47.5925,,13.539276336394456
2021/05/18,62.2,65.7,61.5,65.7,3842.0,538.0,0.0,1.0,19.4,12.660610347441839,6.604052180994767,76.035,70.01500000000001,63.995000000000005,-9.549999999999997,5.262499999999996,13.737500000000004,65.9,71.00999999999999,70.025,56.745000000000005,47.83083333333333,,0.9665564498006403
2021/05/19,67.0,71.8,66.3,71.1,9478.0,-1201.0,0.0,22.0,18.5,25.74853153327772,13.703700255806073,76.47833333333332,70.43333333333332,64.38833333333334,1.2499999999999858,5.537499999999994,18.862499999999997,66.1,70.81,70.475,57.2625,48.10916666666667,,-26.95333749735421
2021/05/20,69.0,73.0,67.9,68.4,10150.0,-1583.0,33.0,34.0,17.4,18.80702513301024,18.80702513301023,76.58333333333333,70.61833333333334,64.65333333333334,-4.1499999999999915,5.712500000000006,15.337500000000006,66.14,70.35999999999999,70.48,57.73666666666667,48.36416666666666,,-19.387128464741284
2021/05/21,70.1,72.9,69.7,71.5,11182.0,485.0,0.0,11.0,17.8,26.632369177476047,24.106263699937667,76.49333333333334,70.79833333333333,65.10333333333332,1.5499999999999972,5.862500000000004,18.2875,67.3,70.03999999999999,70.81,58.225833333333334,48.641666666666666,,-26.362175412000592
2021/05/24,71.9,76.0,70.2,72.0,13273.0,-416.0,336.0,26.0,17.6,27.96402833721558,24.978285728294132,76.96000000000001,71.265,65.57000000000001,6.150000000000006,5.9750000000000085,18.674999999999997,69.74,69.03,71.26,58.730000000000004,48.926249999999996,,-19.69766348379629
2021/05/25,74.0,74.3,68.0,70.5,7669.0,-349.0,4.0,-7.0,17.4,23.84115365669274,25.599350829015222,77.19666666666667,71.42666666666666,65.65666666666667,1.9000000000000057,6.524999999999999,15.825000000000003,70.7,68.3,71.32000000000001,59.222500000000004,49.200833333333335,,-32.889467330617194
2021/05/26,73.5,77.5,71.3,77.5,18698.0,2396.0,0.0,65.0,19.3,43.52184002036457,33.612495753432746,77.58333333333333,71.71333333333334,65.84333333333333,15.100000000000009,6.737500000000004,20.862499999999997,71.97999999999999,69.03999999999999,71.73,59.81666666666667,49.53208333333334,,-25.540176899063468
2021/05/27,85.2,85.2,84.0,85.2,8524.0,-263.0,0.0,0.0,19.0,66.27590983763122,47.83694279619053,78.29166666666666,72.48666666666666,66.68166666666667,26.0,6.737500000000004,28.3125,75.34,70.74,72.545,60.48083333333333,49.93458333333333,,-47.282250821045196
2021/05/28,93.7,93.7,93.7,93.7,4383.0,-13.0,0.0,0.0,19.0,71.32815773277554,64.68209579179515,79.15166666666667,73.60166666666666,68.05166666666666,33.35000000000001,7.125,34.025000000000006,79.78,73.54,73.595,61.294999999999995,50.41083333333333,,-52.34207443542997
2021/05/31,103.0,103.0,99.3,103.0,26308.0,2446.0,0.0,48.0,20.8,75.62995085693649,75.62995085693649,80.26666666666667,74.77666666666667,69.28666666666666,40.25,7.237500000000004,40.6125,85.97999999999999,77.86,74.75,62.275,50.960833333333326,,-67.4862881751343
2021/06/01,103.0,113.0,97.5,113.0,36754.0,-739.0,-122.0,157.0,20.3,79.23723848783072,79.23723848783072,82.09333333333333,76.38333333333334,70.67333333333335,49.45,7.287500000000001,50.5625,94.47999999999999,82.59,76.8,63.42833333333333,51.59375,,-75.1707577923095
2021/06/02,124.0,124.0,122.0,124.0,15521.0,-113.0,0.0,-14.0,20.0,82.33480215720769,82.33480215720769,84.375,78.935,73.495,60.400000000000006,7.700000000000003,61.15,103.78,87.88000000000001,79.345,64.76416666666667,52.32041666666667,,-81.82433662851197
2021/06/03,125.0,136.0,125.0,132.0,15684.0,544.0,4.0,55.0,20.4,79.79844262577453,82.72146250217652,87.53666666666666,81.83166666666666,76.12666666666667,64.4,8.100000000000001,68.75,113.14000000000001,94.24000000000001,82.3,66.22083333333333,53.117916666666666,,-89.67734159779616
2021/06/04,132.0,139.5,132.0,133.0,9647.0,-420.0,0.0,13.0,20.0,77.36908819579264,80.59280020395067,90.795,84.87,78.94500000000001,62.900000000000006,8.075000000000003,69.525,121.0,100.39000000000001,85.215,67.6425,53.929583333333326,,-89.50416219119228
2021/06/07,130.0,130.0,120.0,122.5,10645.0,366.0,0.0,-7.0,20.3,56.005645689161085,64.00704539579021,93.205,87.07,80.935,40.25,8.424999999999997,58.275000000000006,124.9,105.44000000000001,87.23499999999999,68.88583333333332,54.65208333333333,,-62.58440233236153
2021/06/08,122.5,129.5,122.5,128.5,6139.0,-511.0,0.0,1.0,19.9,63.50497390012881,63.2971044568048,95.44333333333334,89.46333333333334,83.48333333333333,45.900000000000006,8.450000000000003,61.05,128.0,111.24000000000001,89.77,70.23083333333334,55.41791666666666,,-64.1757483080743
2021/06/09,133.0,133.0,124.5,125.0,5655.0,-318.0,0.0,24.0,19.8,57.0530929696955,57.52358809774886,98.31166666666667,92.22666666666666,86.14166666666667,34.05000000000001,8.924999999999997,55.400000000000006,128.2,115.99000000000001,92.515,71.50500000000001,56.16375,,-56.58753200000002
2021/06/10,127.5,127.5,115.5,126.0,5446.0,307.0,4.0,9.0,20.1,58.37723010908481,58.88563644270997,101.39500000000001,95.03,88.66499999999999,34.150000000000006,8.724999999999994,56.275000000000006,127.0,120.07000000000001,95.405,72.77250000000001,56.90958333333333,,-57.43462222852104
2021/06/11,129.5,138.5,128.0,133.0,12337.0,-178.0,0.0,86.0,19.9,67.85779861178375,62.637967949338844,104.85999999999999,98.36,91.86,48.150000000000006,8.575000000000003,63.0,127.0,124.0,98.77,74.16833333333334,57.70375,,-64.41563612979817
2021/06/15,135.0,146.0,135.0,146.0,8578.0,-10.0,0.0,40.0,19.9,78.71151075322393,71.37244215152475,109.23666666666665,102.42666666666666,95.61666666666666,58.650000000000006,9.474999999999994,75.05000000000001,131.7,128.3,103.08,75.76166666666668,58.604166666666664,,-79.56978619346971
2021/06/16,150.0,160.5,150.0,157.0,11569.0,-226.0,0.0,70.0,19.7,77.70134089845618,77.71746820042763,114.12833333333333,107.00333333333333,99.87833333333334,66.15,9.774999999999991,85.22500000000001,137.4,132.7,107.64500000000001,77.50333333333334,59.59083333333333,,-88.84758763032983
2021/06/17,159.5,172.5,154.5,172.5,10619.0,-501.0,0.0,-13.0,19.4,84.43860912357563,83.15087434391326,119.59166666666667,111.84166666666667,104.09166666666667,85.15,9.875,99.875,146.9,137.55,112.715,79.49500000000002,60.68333333333333,,-91.10883217811381
2021/06/18,175.0,189.5,174.0,189.5,38652.0,-325.0,-6.0,19.0,19.1,86.9400510233897,85.61416789231406,125.84,117.57000000000001,109.3,102.15,9.875,116.875,159.6,143.3,118.77000000000001,81.74333333333334,61.9125,,-97.22345117341149
2021/06/21,189.5,207.0,189.0,205.5,33114.0,-2559.0,0.0,3.0,17.3,87.55375294177924,88.36443583938832,133.0366666666667,124.02666666666669,115.01666666666668,116.65,8.5,134.15,174.1,150.55,125.47,84.28333333333333,63.275,,-108.15694910638702
2021/06/22,214.5,222.5,197.0,197.0,64516.0,-1960.0,-70.0,-74.0,16.1,62.596933055735896,75.27869958679125,140.66000000000003,130.66500000000002,120.67,84.15,8.25,125.65,184.3,158.0,131.72,86.685,64.57416666666667,,-99.37206897884512
2021/06/23,193.5,204.5,177.5,184.0,38373.0,3512.0,-315.0,705.0,19.1,46.8820952188627,58.29674393978368,147.58166666666665,136.55166666666668,125.52166666666668,57.0,6.450000000000003,113.625,189.7,163.55,137.395,88.89000000000001,65.77125,,-77.67714732986767
2021/06/24,192.0,202.0,185.5,202.0,22793.0,-373.0,0.0,-1.0,18.6,62.22477457951309,56.70966931813043,154.15,142.605,131.06,84.35,6.549999999999997,131.525,195.6,171.25,143.62,91.37333333333335,67.10333333333332,,-85.26358629055976
2021/06/25,215.0,222.0,207.0,222.0,50460.0,-675.0,0.0,18.0,17.8,79.89495826562033,65.391335168888,161.45,149.215,136.98,120.05000000000001,6.549999999999997,151.525,202.1,180.85,150.46,94.18166666666667,68.62166666666667,,-94.49504149419691
2021/06/28,231.5,244.0,228.0,244.0,33449.0,-1279.0,-2.0,25.0,16.8,83.13208936569485,77.69354146326621,169.4983333333333,156.4633333333333,143.42833333333334,135.0,6.5,173.525,209.8,191.95,157.975,97.33666666666667,70.32,,-108.06428043536684
2021/06/29,253.0,261.5,233.0,237.0,62315.0,-2340.0,-232.0,-23.0,15.0,65.90591750486598,74.64234029630111,177.84166666666667,163.56666666666666,149.29166666666666,101.25,6.449999999999989,166.275,217.8,201.05,164.675,100.36666666666666,71.96291666666667,,-105.95874726272501
2021/06/30,243.5,260.5,242.0,260.5,40098.0,1493.0,2.0,0.0,16.0,81.6733604450596,77.44887628410825,185.31666666666666,170.89166666666668,156.46666666666667,138.5,4.424999999999997,191.575,233.1,211.4,172.05,103.79500000000002,73.79916666666666,,-110.45054910643564
2021/07/01,276.0,286.5,261.0,286.5,62401.0,-130.0,0.0,-19.0,16.0,84.87146004037575,79.9303133941895,194.225,178.625,163.025,162.1,3.950000000000003,216.95,250.0,222.8,180.175,107.65666666666668,75.82833333333333,,-113.78972311309693
2021/07/02,295.0,312.5,286.0,307.0,65471.0,-2076.0,0.0,-38.0,14.3,83.8814810219442,85.47201802470316,203.54166666666666,187.16666666666666,170.79166666666669,170.75,3.924999999999983,237.05,267.0,234.55,188.925,111.855,78.03500000000001,,-119.67702906662142
2021/07/05,315.0,321.0,284.5,294.0,55166.0,-198.0,-2.0,91.0,14.2,67.7223246252157,75.35698340485418,213.24166666666665,195.41666666666669,177.59166666666664,131.4,5.875,221.8,277.0,243.4,196.975,115.83333333333333,80.14166666666667,,-111.67929161460502
2021/07/06,303.0,313.5,283.0,283.0,40662.0,369.0,-327.0,38.0,14.7,58.296002782370714,65.03314122670028,222.71666666666664,203.86666666666665,185.01666666666668,103.5,5.675000000000011,205.975,286.2,252.0,205.0,119.65666666666668,82.15791666666668,,-90.77288235587906
2021/07/07,295.0,305.0,256.5,290.0,52768.0,864.0,9.0,-44.0,15.4,60.37761083806849,61.286731815722405,232.64166666666665,211.71666666666664,190.79166666666666,106.75,6.849999999999994,207.125,292.1,262.6,213.075,123.57000000000001,84.22916666666667,,-88.9876709274673
2021/07/08,297.5,317.0,276.0,295.5,63490.0,142.0,6.0,57.0,15.5,63.548357731714376,61.39190425762939,242.7,220.15,197.6,98.25,7.150000000000006,207.225,293.9,271.95,221.6,127.57000000000001,86.35125,,-86.24749843249417
2021/07/09,287.0,305.0,276.5,280.0,42926.0,-1318.0,2.0,-22.0,14.6,50.21580074274888,54.50057135200242,251.73333333333335,228.35833333333335,204.9833333333333,64.75,6.349999999999994,186.2,288.5,277.75,229.3,131.31833333333333,88.35458333333334,,-78.08599330357141
2021/07/12,295.5,303.0,277.5,279.5,38350.0,39.0,0.0,43.0,14.6,49.81456421818246,52.50064366131974,260.1583333333333,236.0333333333333,211.90833333333336,59.25,6.049999999999997,179.7,285.6,281.3,236.625,135.05666666666667,90.35791666666667,,-74.77057005065907
2021/07/13,290.0,291.5,252.0,252.0,36201.0,1572.0,-260.0,-30.0,15.7,29.01907842056923,37.76106534148107,267.725,242.175,216.625,-0.75,6.049999999999997,150.45,279.4,282.8,241.925,138.27833333333334,92.13166666666667,,-69.55714403817082
2021/07/14,251.0,256.0,227.0,234.5,42809.0,3791.0,-4.0,-17.0,18.7,12.88365799935045,25.68606280745387,272.81666666666666,246.3416666666667,219.86666666666665,-23.25,6.875,132.125,268.3,280.2,245.8,141.15666666666667,93.75166666666668,,-51.17945340310328
2021/07/15,245.0,257.5,237.0,257.5,38486.0,-4234.0,-164.0,1.0,15.2,19.15013559102013,20.78433908057819,277.15,250.55,223.95,22.75,10.049999999999997,151.95,260.7,277.3,250.05,144.41333333333336,95.57083333333334,,-52.0217645395419
2021/07/16,251.0,279.0,242.5,244.0,71925.0,-1614.0,93.0,-66.0,14.0,9.918723310771284,13.64805409118856,281.7416666666667,254.09166666666664,226.44166666666666,-2.25,12.474999999999994,136.025,253.5,271.0,252.775,147.34166666666667,97.27041666666668,,-64.31660570915076
2021/07/19,250.5,252.0,232.0,235.0,43723.0,620.0,-58.0,31.0,14.5,4.442018244596078,10.272167190628432,283.8,256.05,228.3,-26.5,13.174999999999997,126.075,244.6,265.1,254.25,150.17666666666668,98.89541666666668,,-48.02887052965143
2021/07/20,231.0,233.0,218.0,229.0,34823.0,2441.0,0.0,-45.0,16.4,5.387136234624788,6.267625619200797,284.33333333333337,257.1083333333333,229.88333333333335,-37.5,12.625,120.075,240.0,259.7,255.85,152.94333333333333,100.48708333333335,68.42770833333334,-34.93829970824355
2021/07/21,235.5,239.0,206.5,208.0,31052.0,417.0,0.0,72.0,16.5,0.5866637330532012,3.0601470455737543,286.06666666666666,258.5666666666667,231.06666666666666,-75.25,17.125,91.325,234.7,251.5,257.05,155.25500000000002,101.90041666666667,69.17687500000001,-15.143140081823224
2021/07/22,212.0,228.0,190.5,224.5,55534.0,4971.0,3.0,-24.0,20.4,12.915022672506575,6.286134074260448,288.0083333333333,259.45833333333337,230.9083333333333,-35.5,17.125,100.575,228.1,244.4,258.175,157.84166666666667,103.4475,69.99270833333334,-22.496205375965403
2021/07/23,225.5,233.0,210.0,210.0,49233.0,-7574.0,0.0,-17.0,14.5,7.061753046288817,6.532430552263164,288.44166666666666,259.4916666666667,230.54166666666666,-68.5,17.125000000000014,80.07499999999999,221.3,237.4,257.575,160.19333333333333,104.88125,70.745625,-8.151431405895684
2021/07/26,210.0,217.0,202.5,206.5,27302.0,2856.0,0.0,36.0,16.8,5.682220209839119,8.104012579765365,286.8666666666667,257.9916666666667,229.1166666666667,-71.0,17.125000000000014,68.07499999999999,215.6,230.1,255.7,162.42333333333332,106.28416666666666,71.48479166666668,-7.200487779139236
